{"cameraMode":{"drawMode":0,"name":"Shaded","section":"Shading Mode"},"sceneLighting":true,"audioPlay":false,"sceneViewState":{"m_AlwaysRefresh":false,"showFog":true,"showSkybox":true,"showFlares":true,"showImageEffects":true,"showParticleSystems":true,"showVisualEffectGraphs":true,"m_FxEnabled":true},"in2DMode":false,"pivot":{"x":-7.414462566375732,"y":17.38554573059082,"z":65.74050903320313},"rotation":{"x":0.06613816320896149,"y":0.013067454099655152,"z":0.0008661321480758488,"w":-0.9977484345436096},"size":63.169403076171878,"orthographic":false}