{"cameraMode":{"drawMode":0,"name":"Shaded","section":"Shading Mode"},"sceneLighting":true,"audioPlay":false,"sceneViewState":{"m_AlwaysRefresh":false,"showFog":true,"showSkybox":true,"showFlares":true,"showImageEffects":true,"showParticleSystems":true,"showVisualEffectGraphs":true,"m_FxEnabled":true},"in2DMode":false,"pivot":{"x":40.43160629272461,"y":5.33590030670166,"z":66.97714233398438},"rotation":{"x":0.026086881756782533,"y":-0.08776228129863739,"z":-0.0022999595385044815,"w":-0.9958187937736511},"size":42.50696563720703,"orthographic":false}