{"cameraMode":{"drawMode":0,"name":"Shaded","section":"Shading Mode"},"sceneLighting":true,"audioPlay":false,"sceneViewState":{"m_AlwaysRefresh":false,"showFog":true,"showSkybox":true,"showFlares":true,"showImageEffects":true,"showParticleSystems":true,"showVisualEffectGraphs":true,"m_FxEnabled":true},"in2DMode":false,"pivot":{"x":2.991154670715332,"y":0.2862253487110138,"z":-12.05402946472168},"rotation":{"x":0.031682100147008899,"y":-0.016893945634365083,"z":-0.0005534766823984683,"w":-0.9994022250175476},"size":12.12435531616211,"orthographic":true}