{"cameraMode":{"drawMode":0,"name":"Shaded","section":"Shading Mode"},"sceneLighting":true,"audioPlay":false,"sceneViewState":{"m_AlwaysRefresh":false,"showFog":true,"showSkybox":true,"showFlares":true,"showImageEffects":true,"showParticleSystems":true,"showVisualEffectGraphs":true,"m_FxEnabled":true},"in2DMode":false,"pivot":{"x":22.709745407104493,"y":-2.0541844367980959,"z":-10.882229804992676},"rotation":{"x":0.01468666736036539,"y":0.02609231323003769,"z":0.0003528550732880831,"w":-0.9995949864387512},"size":21.580265045166017,"orthographic":true}