{"cameraMode":{"drawMode":0,"name":"Shaded","section":"Shading Mode"},"sceneLighting":true,"audioPlay":false,"sceneViewState":{"m_AlwaysRefresh":false,"showFog":true,"showSkybox":true,"showFlares":true,"showImageEffects":true,"showParticleSystems":true,"showVisualEffectGraphs":true,"m_FxEnabled":true},"in2DMode":false,"pivot":{"x":2.991154670715332,"y":0.2862253487110138,"z":-12.05402946472168},"rotation":{"x":0.0031770544592291118,"y":0.098441481590271,"z":0.00029724277555942535,"w":-0.995185136795044},"size":12.12435531616211,"orthographic":true}