{"cameraMode":{"drawMode":0,"name":"Shaded","section":"Shading Mode"},"sceneLighting":false,"audioPlay":false,"sceneViewState":{"m_AlwaysRefresh":false,"showFog":true,"showSkybox":true,"showFlares":true,"showImageEffects":true,"showParticleSystems":true,"showVisualEffectGraphs":true,"m_FxEnabled":true},"in2DMode":false,"pivot":{"x":13.264975547790528,"y":5.292997360229492,"z":15.993658065795899},"rotation":{"x":0.4199635684490204,"y":-0.025848818942904474,"z":0.011993384920060635,"w":0.9070736169815064},"size":20.22369956970215,"orthographic":false}