{"cameraMode":{"drawMode":0,"name":"Shaded","section":"Shading Mode"},"sceneLighting":true,"audioPlay":false,"sceneViewState":{"m_AlwaysRefresh":false,"showFog":true,"showSkybox":true,"showFlares":true,"showImageEffects":true,"showParticleSystems":true,"showVisualEffectGraphs":true,"m_FxEnabled":true},"in2DMode":false,"pivot":{"x":-12.286025047302246,"y":-4.109979152679443,"z":-23.534746170043947},"rotation":{"x":0.04631926491856575,"y":-0.12296123802661896,"z":-0.005760192405432463,"w":-0.9913618564605713},"size":10.812906265258789,"orthographic":true}