{"cameraMode":{"drawMode":0,"name":"Shaded","section":"Shading Mode"},"sceneLighting":true,"audioPlay":false,"sceneViewState":{"m_AlwaysRefresh":false,"showFog":true,"showSkybox":true,"showFlares":true,"showImageEffects":true,"showParticleSystems":true,"showVisualEffectGraphs":true,"m_FxEnabled":true},"in2DMode":false,"pivot":{"x":58.38970184326172,"y":0.0003171689750161022,"z":2.278059244155884},"rotation":{"x":0.01168952975422144,"y":-0.012903026305139065,"z":-0.0001896756439236924,"w":-0.9998876452445984},"size":9.205674171447754,"orthographic":true}