{"cameraMode":{"drawMode":0,"name":"Shaded","section":"Shading Mode"},"sceneLighting":true,"audioPlay":false,"sceneViewState":{"m_AlwaysRefresh":false,"showFog":true,"showSkybox":true,"showFlares":true,"showImageEffects":true,"showParticleSystems":true,"showVisualEffectGraphs":true,"m_FxEnabled":true},"in2DMode":false,"pivot":{"x":22.732345581054689,"y":2.713715076446533,"z":-6.731640815734863},"rotation":{"x":0.021324899047613145,"y":0.9786755442619324,"z":-0.144720196723938,"w":0.14421141147613526},"size":13.995685577392579,"orthographic":false}